900, Agartha
302, Asgard
909, Agartha
14, Avalon
311, Asgard
5, Avalon
704, Asgard
1005, Agartha
407, Avalon
113, Asgard
414, Agartha
106, Agartha
504, Asgard
208, Agartha
513, Agartha
203, Avalon
804, Avalon
811, Asgard
609, Asgard
600, Agartha
907, Agartha
8, Agartha
305, Asgard
908, Agartha
310, Asgard
714, Cockaigne
6, Avalon
707, Agartha
1002, Agartha
111, Agartha
400, Camelot
112, Agartha
105, Avalon
214, Agartha
503, Agartha
209, Cockaigne
512, Agartha
200, Agartha
805, Agartha
812, Agartha
614, Asgard
601, Camelot
906, Agartha
9, Agartha
304, Agartha
915, Avalon
0, Agartha
313, Avalon
709, Asgard
7, Agartha
706, Avalon
1003, Agartha
110, Asgard
401, Camelot
1010, Asgard
103, Asgard
408, Agartha
104, Asgard
502, Asgard
206, Asgard
511, Agartha
201, Asgard
806, Agartha
813, Cockaigne
615, Agartha
1200, Agartha
606, Agartha
905, Cockaigne
10, Agartha
307, Agartha
914, Agartha
1, Cockaigne
312, Cockaigne
708, Asgard
701, Avalon
1000, Agartha
109, Camelot
402, Asgard
1011, Agartha
102, Cockaigne
409, Cockaigne
212, Avalon
501, Avalon
207, Asgard
510, Agartha
800, Cockaigne
807, Asgard
814, Agartha
612, Agartha
607, Camelot
903, Agartha
301, Avalon
904, Asgard
11, Asgard
306, Agartha
913, Asgard
2, Asgard
711, Agartha
700, Agartha
1006, Avalon
404, Asgard
1001, Agartha
108, Agartha
403, Agartha
1008, Asgard
101, Agartha
410, Asgard
507, Agartha
213, Agartha
500, Agartha
204, Avalon
509, Asgard
801, Agartha
808, Asgard
610, Agartha
613, Agartha
604, Asgard
902, Agartha
300, Asgard
911, Agartha
12, Cockaigne
309, Avalon
713, Agartha
912, Agartha
3, Agartha
314, Avalon
710, Avalon
703, Agartha
1007, Avalon
405, Avalon
412, Asgard
1009, Agartha
100, Avalon
411, Asgard
506, Camelot
1101, Asgard
210, Camelot
515, Cockaigne
205, Asgard
508, Agartha
802, Agartha
809, Asgard
611, Camelot
602, Asgard
605, Agartha
901, Cockaigne
303, Agartha
910, Asgard
13, Asgard
308, Cockaigne
712, Asgard
4, Asgard
705, Avalon
702, Asgard
406, Cockaigne
114, Agartha
413, Avalon
107, Agartha
505, Avalon
1100, Asgard
211, Agartha
514, Cockaigne
202, Avalon
803, Agartha
810, Agartha
608, Avalon
603, Avalon
725, Avalon
722, Asgard
715, Asgard
1019, Camelot
417, Asgard
1026, Avalon
28, Asgard
424, Asgard
19, Asgard
532, Asgard
1128, Avalon
518, Asgard
1121, Avalon
131, Avalon
527, Asgard
116, Avalon
1032, Hawaiki
822, Camelot
829, Asgard
631, Avalon
226, Asgard
622, Asgard
221, Avalon
921, Asgard
323, Asgard
930, Camelot
328, Avalon
832, Cockaigne
724, Avalon
717, Asgard
15, Asgard
1016, Asgard
418, Asgard
1027, Asgard
29, Avalon
425, Asgard
20, Asgard
415, Asgard
1131, Camelot
517, Asgard
1120, Avalon
130, Asgard
526, Asgard
816, Avalon
123, Asgard
823, Asgard
830, Camelot
1226, Asgard
628, Camelot
227, Asgard
623, Avalon
919, Asgard
218, Asgard
317, Avalon
920, Camelot
322, Asgard
929, Camelot
331, Avalon
833, Avalon
727, Asgard
716, Asgard
1022, Asgard
420, Asgard
1017, Asgard
419, Camelot
1024, Cockaigne
30, Asgard
426, Avalon
21, Avalon
1125, Avalon
523, Asgard
1130, Avalon
516, Asgard
129, Camelot
525, Asgard
817, Camelot
122, Asgard
215, Cockaigne
824, Cockaigne
1228, Hawaiki
626, Avalon
831, Asgard
1227, Asgard
629, Avalon
224, Asgard
620, Avalon
918, Asgard
219, Avalon
316, Cockaigne
927, Avalon
325, Avalon
729, Asgard
928, Asgard
330, Asgard
726, Hawaiki
719, Avalon
421, Camelot
1030, Asgard
24, Avalon
428, Camelot
1025, Asgard
31, Avalon
427, Asgard
933, Asgard
22, Avalon
522, Avalon
1117, Cockaigne
127, Asgard
531, Asgard
128, Asgard
524, Avalon
818, Asgard
121, Asgard
825, Asgard
1229, Asgard
627, Asgard
1220, Asgard
230, Asgard
618, Asgard
1219, Avalon
225, Avalon
621, Avalon
917, Asgard
216, Camelot
319, Asgard
926, Asgard
324, Avalon
728, Avalon
721, Cockaigne
718, Avalon
1020, Cockaigne
315, Asgard
422, Asgard
1031, Avalon
25, Camelot
429, Avalon
16, Camelot
932, Camelot
23, Cockaigne
1127, Asgard
521, Avalon
126, Avalon
530, Avalon
119, Asgard
819, Asgard
120, Asgard
633, Asgard
826, Asgard
1230, Avalon
624, Asgard
231, Asgard
619, Avalon
222, Cockaigne
32, Avalon
815, Asgard
916, Camelot
217, Avalon
318, Asgard
925, Asgard
327, Asgard
731, Avalon
720, Asgard
1021, Avalon
423, Avalon
1028, Asgard
26, Hawaiki
430, Camelot
17, Avalon
115, Asgard
1126, Asgard
520, Camelot
1119, Asgard
125, Avalon
529, Asgard
118, Avalon
820, Asgard
827, Avalon
625, Camelot
228, Avalon
616, Asgard
223, Camelot
923, Asgard
321, Asgard
924, Asgard
326, Asgard
730, Asgard
723, Avalon
1018, Avalon
416, Avalon
1029, Avalon
27, Asgard
431, Asgard
18, Cockaigne
1129, Asgard
519, Avalon
1118, Asgard
124, Asgard
528, Asgard
117, Avalon
821, Asgard
828, Asgard
630, Camelot
229, Asgard
617, Avalon
220, Asgard
922, Cockaigne
320, Hawaiki
732, Asgard
931, Asgard
329, Hawaiki
4022, Meropis
3713, Meropis
3115, Mu
4416, Meropis
3822, Tartarus
4011, Meropis
4415, Mu
3809, Niflheim
4121, Meropis
3917, Mu
3215, Tartarus
3914, Tartarus
4216, Niflhel
3618, Mu
4213, Mu
3615, Meropis
3717, Niflheim
3119, Meropis
4016, Meropis
4313, Niflheim
3414, Mu
3712, Meropis
3114, Niflhel
4012, Niflheim
4119, Niflheim
3418, Niflhel
3517, Mu
3814, Meropis
4120, Niflhel
3916, Meropis
4115, Mu
3513, Meropis
3620, Meropis
3909, Meropis
3018, Meropis
4217, Tartarus
3619, Mu
4210, Tartarus
3723, Meropis
3716, Niflheim
3118, Mu
4017, Niflheim
4312, Niflheim
3415, Meropis
3711, Meropis
3820, Niflheim
4013, Meropis
4118, Meropis
3419, Mu
3516, Niflhel
3815, Tartarus
3919, Tartarus
4114, Mu
3512, Niflheim
3621, Meropis
3908, Meropis
2918, Meropis
3019, Meropis
4211, Meropis
3722, Meropis
4317, Meropis
3724, Meropis
4018, Niflheim
4315, Meropis
3412, Meropis
3818, Meropis
3821, Meropis
4014, Meropis
4117, Meropis
3416, Meropis
3519, Mu
3812, Meropis
3921, Mu
3918, Meropis
4113, Mu
3515, Mu
3911, Mu
3016, Niflheim
3216, Mu
3721, Meropis
4316, Tartarus
3319, Meropis
4019, Meropis
4314, Niflhel
3413, Mu
3819, Mu
4412, Niflhel
3810, Niflheim
4015, Meropis
4116, Meropis
3417, Meropis
3518, Meropis
3813, Niflheim
3920, Meropis
4111, Meropis
3913, Niflheim
4112, Niflhel
3514, Meropis
3910, Niflheim
3017, Niflheim
3217, Meropis
4214, Meropis
3315, Niflheim
3612, Mu
3611, Niflheim
3720, Meropis
3318, Meropis
4020, Meropis
3715, Mu
3816, Meropis
4009, Tartarus
3811, Meropis
4110, Meropis
3912, Mu
4218, Meropis
3616, Meropis
3218, Niflhel
4215, Mu
3314, Meropis
3613, Mu
3719, Meropis
3117, Meropis
4311, Meropis
3317, Niflhel
4021, Mu
3714, Niflheim
3817, Mu
4010, Mu
3808, Niflheim
3922, Meropis
4109, Niflheim
3214, Mu
3915, Tartarus
3617, Niflheim
3219, Meropis
4212, Meropis
3313, Mu
3614, Meropis
3718, Niflheim
3116, Mu
3316, Niflheim
4303, Utopia
4612, Niflheim
4004, Niflheim
4705, Utopia
4702, Mu
4406, Mu
4711, Niflheim
4107, Niflhel
4108, Mu
4512, Mu
4505, Niflheim
3907, Niflheim
4812, Mu
4202, Tartarus
4803, Mu
4603, Mu
4610, Mu
4900, Mu
4302, Mu
4613, Niflheim
4005, Mu
4704, Mu
4408, Mu
4713, Niflheim
4407, Utopia
4710, Utopia
4106, Niflhel
4511, Niflhel
4504, Utopia
3906, Niflheim
4813, Mu
4203, Mu
4804, Mu
4600, Mu
4611, Niflheim
4907, Niflhel
4305, Niflhel
4006, Mu
4707, Mu
4409, Mu
4712, Niflhel
4400, Mu
3806, Niflhel
4105, Niflhel
4510, Mu
4503, Mu
4814, Mu
4200, Mu
4805, Tartarus
4601, Niflheim
4913, Tartarus
4608, Mu
4906, Niflheim
4304, Utopia
4007, Niflhel
4706, Mu
4410, Niflheim
4401, Niflheim
4103, Mu
4104, Mu
4509, Mu
4502, Tartarus
4808, Mu
4206, Mu
4201, Niflheim
4806, Mu
4208, Niflheim
4911, Mu
4309, Tartarus
4606, Mu
4912, Utopia
4609, Niflheim
4905, Niflheim
4307, Mu
4001, Utopia
4008, Utopia
4701, Mu
4411, Niflhel
4714, Niflheim
4402, Niflhel
4102, Niflheim
4508, Niflheim
4501, Mu
4809, Mu
4207, Mu
4800, Mu
4807, Tartarus
4209, Niflheim
4910, Mu
4308, Mu
4607, Niflhel
4903, Utopia
4301, Mu
4614, Utopia
4904, Mu
4306, Mu
4413, Mu
4700, Niflheim
4404, Tartarus
4709, Niflhel
4403, Mu
4101, Mu
4514, Niflhel
4507, Niflheim
3905, Mu
4500, Mu
4810, Niflhel
4204, Mu
4801, Mu
4909, Niflheim
4604, Niflhel
4902, Mu
4300, Mu
4414, Mu
4703, Tartarus
4405, Tartarus
4708, Niflheim
4100, Niflheim
4513, Niflhel
4506, Mu
4811, Utopia
4205, Niflhel
4802, Niflheim
4602, Mu
4908, Mu
4310, Mu
4605, Niflheim
4901, Niflheim
4837, Niflheim
3641, Niflheim
4143, Niflheim
4547, Niflheim
4144, Niflhel
4540, Niflheim
4945, Valhalla
4640, Niflheim
3444, Tartarus
4938, Niflheim
3742, Niflheim
4239, Niflhel
4246, Niflheim
4738, Niflheim
4241, Niflheim
4747, Tartarus
3448, Niflhel
3844, Niflhel
4340, Niflheim
4338, Valhalla
3547, Niflheim
3943, Valhalla
4849, Niflheim
4041, Niflheim
4445, Tartarus
4840, Niflhel
4436, Niflheim
4847, Niflheim
4838, Niflheim
3642, Niflhel
4142, Niflheim
4546, Tartarus
4943, Niflhel
4638, Tartarus
4539, Niflheim
4944, Niflheim
4641, Valhalla
3445, Niflheim
4937, Niflheim
4648, Niflheim
3741, Niflheim
4236, Niflheim
4247, Niflhel
3842, Niflheim
4746, Utopia
3449, Niflheim
3845, Niflheim
4343, Niflhel
3541, Niflheim
3945, Niflheim
3546, Niflhel
3942, Valhalla
4042, Niflheim
4446, Niflhel
4841, Niflheim
4437, Tartarus
3347, Niflhel
3644, Tartarus
4839, Niflheim
3643, Utopia
4949, Niflheim
4141, Niflheim
4545, Niflhel
4942, Utopia
4639, Niflheim
4538, Niflheim
4935, Niflhel
4646, Niflhel
3442, Niflheim
3747, Niflheim
4936, Niflheim
4649, Niflhel
3740, Niflheim
4237, Niflhel
4244, Niflheim
3848, Tartarus
3843, Niflheim
4741, Valhalla
4342, Niflheim
3540, Niflhel
3944, Niflheim
3648, Niflheim
4448, Niflheim
4043, Niflhel
4447, Niflhel
4842, Niflhel
4438, Niflhel
3645, Niflhel
4139, Niflhel
4948, Tartarus
4140, Tartarus
4544, Niflheim
4941, Valhalla
4636, Niflhel
4248, Tartarus
4537, Niflheim
4647, Niflheim
3443, Niflheim
3746, Niflhel
4245, Valhalla
3849, Niflheim
3840, Niflhel
4740, Niflheim
4749, Niflheim
4048, Niflheim
4345, Niflheim
3543, Valhalla
3947, Niflhel
3649, Tartarus
4449, Niflheim
4044, Niflheim
4440, Niflhel
4843, Niflhel
4439, Utopia
3345, Niflheim
3646, Niflhel
4138, Tartarus
4147, Niflhel
4543, Niflheim
4940, Niflhel
4637, Niflheim
3348, Niflhel
4249, Niflheim
4536, Utopia
4644, Niflheim
3745, Niflheim
4737, Niflheim
4242, Niflhel
3841, Utopia
4743, Niflheim
4748, Niflheim
4049, Niflheim
4344, Tartarus
4337, Niflhel
3949, Tartarus
3542, Tartarus
3946, Niflheim
4045, Niflheim
4441, Niflheim
4844, Niflheim
3647, Niflheim
4137, Valhalla
3749, Tartarus
4549, Valhalla
4635, Valhalla
4146, Niflheim
4542, Niflheim
4947, Niflhel
4642, Utopia
3446, Niflheim
4645, Niflhel
3441, Tartarus
3744, Utopia
4736, Niflhel
4243, Valhalla
4745, Niflheim
3549, Tartarus
3846, Niflheim
4349, Valhalla
4742, Valhalla
4347, Niflhel
3948, Niflhel
3545, Valhalla
3941, Niflhel
4039, Valhalla
4046, Niflheim
4149, Tartarus
4442, Valhalla
4845, Niflhel
4836, Niflheim
3640, Niflhel
3748, Niflhel
4548, Niflheim
4145, Niflhel
4541, Tartarus
4946, Tartarus
4643, Tartarus
3447, Niflhel
4939, Tartarus
3743, Niflheim
4238, Niflhel
4739, Niflheim
4240, Valhalla
4744, Niflheim
3548, Niflheim
3847, Niflhel
4348, Niflheim
4341, Niflhel
4346, Niflhel
4339, Niflheim
3544, Tartarus
3940, Niflheim
4848, Niflhel
4040, Niflhel
4444, Tartarus
4047, Niflheim
4148, Tartarus
4443, Niflheim
4846, Niflhel
3634, Tartarus
3334, Niflhel
4134, Tartarus
3831, Tartarus
3733, Tartarus
3528, Niflhel
3924, Niflhel
3229, Utopia
3839, Niflhel
3625, Utopia
3031, Tartarus
3533, Alfheim
3538, Utopia
3234, Utopia
4034, Utopia
3330, Tartarus
3932, Niflhel
3726, Valhalla
3636, Alfheim
4023, Niflhel
3635, Tartarus
4030, Niflhel
3333, Valhalla
3828, Tartarus
3427, Niflhel
3823, Niflhel
3739, Valhalla
3732, Niflhel
3436, Niflhel
3531, Utopia
3927, Utopia
3032, Valhalla
3230, Valhalla
3836, Niflhel
3626, Tartarus
3532, Utopia
4035, Niflhel
3329, Tartarus
3935, Alfheim
3725, Niflhel
3637, Niflhel
4024, Utopia
3826, Niflhel
3332, Niflhel
3829, Niflhel
3738, Tartarus
3929, Valhalla
3530, Utopia
3926, Niflhel
3834, Valhalla
3628, Niflhel
3231, Niflhel
3837, Niflhel
3627, Tartarus
3535, Niflhel
4036, Niflhel
3327, Valhalla
3937, Niflhel
3731, Utopia
3129, Niflhel
3328, Niflhel
3934, Utopia
3638, Niflhel
4025, Alfheim
3827, Tartarus
3430, Niflhel
3737, Valhalla
3928, Niflhel
3434, Niflhel
3835, Niflhel
3629, Utopia
3133, Niflhel
3534, Niflhel
4037, Niflhel
3936, Tartarus
3730, Niflhel
3128, Tartarus
3639, Niflhel
4026, Niflhel
3824, Niflhel
3431, Niflhel
3736, Niflhel
4125, Niflhel
3527, Utopia
3931, Niflhel
3435, Niflhel
3832, Niflhel
3630, Tartarus
3132, Niflhel
3537, Niflhel
4038, Niflhel
3939, Niflhel
3729, Niflhel
3131, Utopia
3632, Tartarus
4027, Tartarus
3825, Valhalla
3428, Niflhel
4123, Niflhel
3735, Niflhel
4124, Tartarus
3526, Niflhel
3930, Niflhel
3432, Tartarus
3923, Niflhel
3227, Tartarus
3833, Niflhel
3631, Tartarus
3536, Utopia
3232, Tartarus
4032, Niflhel
3938, Niflhel
3728, Tartarus
3130, Niflhel
3633, Niflhel
4028, Niflhel
3335, Alfheim
4135, Niflhel
3830, Niflhel
4136, Niflhel
3429, Tartarus
4122, Niflhel
3734, Niflhel
3529, Tartarus
3925, Tartarus
3433, Niflhel
3228, Niflhel
3838, Tartarus
3030, Utopia
3134, Niflhel
3539, Tartarus
3233, Niflhel
4033, Niflhel
3331, Niflhel
3933, Niflhel
3727, Niflhel
3106, Tartarus
3408, Utopia
3403, Tartarus
2801, Tartarus
3800, Tartarus
2909, Tartarus
2902, Tartarus
3208, Tartarus
3505, Tartarus
3510, Tartarus
3206, Tartarus
3311, Alfheim
3600, Valhalla
3006, Utopia
3312, Tartarus
3009, Tartarus
3305, Utopia
3703, Utopia
3101, Hyperborea
3409, Valhalla
3400, Tartarus
2802, Utopia
3801, Tartarus
2908, Tartarus
2901, Valhalla
3209, Tartarus
3504, Valhalla
3200, Tartarus
3207, Tartarus
3310, Tartarus
3601, Utopia
3007, Valhalla
3303, Utopia
3608, Utopia
2701, Valhalla
3304, Tartarus
3702, Alfheim
3100, Tartarus
3406, Valhalla
2804, Tartarus
3109, Utopia
3401, Hyperborea
2803, Tartarus
2907, Tartarus
2900, Tartarus
3210, Tartarus
3507, Tartarus
3201, Utopia
3901, Tartarus
3309, Utopia
3602, Utopia
3004, Tartarus
3302, Tartarus
3609, Tartarus
2700, Valhalla
3701, Utopia
3103, Tartarus
3407, Valhalla
3710, Tartarus
2805, Utopia
3108, Valhalla
4000, Tartarus
3807, Utopia
2906, Tartarus
3501, Utopia
3211, Utopia
3506, Tartarus
3202, Tartarus
3900, Utopia
3604, Tartarus
3002, Tartarus
3308, Tartarus
3603, Valhalla
3005, Valhalla
3301, Utopia
3610, Tartarus
2703, Tartarus
3012, Tartarus
3707, Tartarus
3105, Alfheim
3700, Tartarus
3102, Tartarus
3404, Tartarus
3709, Tartarus
3111, Alfheim
3804, Tartarus
2905, Utopia
3500, Tartarus
3212, Tartarus
3509, Utopia
3203, Utopia
3903, Tartarus
3605, Tartarus
3003, Tartarus
3010, Valhalla
3300, Tartarus
2702, Tartarus
3013, Valhalla
3706, Utopia
3104, Tartarus
3410, Tartarus
3113, Utopia
3405, Tartarus
3708, Tartarus
3110, Valhalla
4002, Tartarus
3802, Tartarus
3805, Tartarus
2904, Tartarus
3503, Utopia
3213, Tartarus
3508, Tartarus
3204, Tartarus
3902, Tartarus
3606, Tartarus
3000, Utopia
3011, Alfheim
3307, Hyperborea
3705, Alfheim
3107, Utopia
3411, Tartarus
3112, Utopia
3402, Utopia
2800, Valhalla
4003, Utopia
3803, Hyperborea
2910, Hyperborea
2903, Tartarus
3502, Tartarus
3511, Utopia
3205, Valhalla
3904, Valhalla
3607, Tartarus
3001, Valhalla
3008, Tartarus
3306, Alfheim
3704, Tartarus
2128, Utopia
2421, Utopia
3426, Agartha
2428, Valhalla
2824, Utopia
2230, Valhalla
3421, Utopia
2823, Utopia
3523, Utopia
2522, Utopia
2235, Utopia
2531, Hyperborea
2927, Utopia
2325, Utopia
2920, Agartha
2322, Utopia
3020, Utopia
3220, Utopia
2626, Valhalla
2728, Utopia
3124, Valhalla
3323, Valhalla
2721, Alfheim
2422, Valhalla
2429, Valhalla
2825, Utopia
2231, Utopia
2222, Utopia
3522, Utopia
2521, Alfheim
2232, Utopia
2530, Utopia
2926, Utopia
2324, Hyperborea
3021, Utopia
3028, Utopia
3221, Valhalla
2627, Valhalla
2032, Utopia
2832, Valhalla
3121, Utopia
2731, Utopia
3127, Valhalla
3322, Utopia
2720, Valhalla
2135, Utopia
2423, Utopia
3424, Utopia
2430, Hyperborea
2826, Valhalla
2632, Utopia
2228, Agartha
2223, Utopia
3525, Valhalla
2233, Alfheim
2529, Utopia
2925, Agartha
2327, Utopia
3224, Utopia
2622, Utopia
2432, Utopia
3026, Utopia
3029, Utopia
3222, Utopia
2624, Utopia
2033, Agartha
3120, Alfheim
2725, Hyperborea
2730, Utopia
3126, Utopia
3321, Utopia
2723, Utopia
2134, Alfheim
2424, Alfheim
2828, Hyperborea
2226, Valhalla
3425, Hyperborea
2431, Valhalla
2827, Utopia
2229, Utopia
3524, Utopia
2527, Valhalla
2931, Utopia
2329, Utopia
2528, Hyperborea
2924, Utopia
2326, Hyperborea
3622, Utopia
3225, Hyperborea
2623, Valhalla
2433, Valhalla
3027, Utopia
2630, Valhalla
2333, Utopia
3223, Alfheim
2625, Valhalla
2034, Utopia
3123, Valhalla
3326, Utopia
2724, Agartha
2534, Utopia
2131, Utopia
3320, Valhalla
2722, Utopia
2133, Hyperborea
2425, Alfheim
2829, Alfheim
2227, Valhalla
3422, Hyperborea
2820, Utopia
2526, Utopia
2930, Valhalla
2328, Utopia
2923, Valhalla
3623, Valhalla
3226, Utopia
2434, Utopia
3024, Valhalla
2631, Alfheim
2332, Alfheim
2035, Utopia
3122, Valhalla
3325, Valhalla
2727, Hyperborea
2533, Agartha
2130, Agartha
2132, Utopia
2426, Valhalla
2830, Utopia
2224, Hyperborea
3423, Utopia
2821, Utopia
3521, Utopia
2525, Valhalla
2929, Utopia
2236, Utopia
2331, Utopia
2922, Utopia
1932, Utopia
2732, Valhalla
3022, Utopia
2621, Hyperborea
2435, Alfheim
3025, Valhalla
2628, Utopia
2030, Utopia
2335, Agartha
3324, Utopia
2726, Alfheim
2532, Hyperborea
2129, Agartha
2427, Valhalla
2831, Alfheim
2225, Utopia
3420, Utopia
2822, Utopia
3520, Utopia
2523, Alfheim
2234, Utopia
2524, Hyperborea
2928, Utopia
2330, Valhalla
2921, Utopia
2323, Alfheim
3023, Utopia
3624, Alfheim
2629, Valhalla
2031, Utopia
2334, Utopia
2729, Utopia
3125, Utopia
4434, Heaven
4029, Avalon
4623, Heaven
4425, Avalon
4630, Avalon
4633, Cockaigne
4533, Avalon
4130, Camelot
4716, Camelot
4526, Avalon
4725, Avalon
4519, Avalon
4830, Camelot
4821, Heaven
4227, Camelot
4333, Hawaiki
4929, Avalon
4331, Avalon
4922, Avalon
4320, Cockaigne
4915, Avalon
4435, Avalon
4620, Camelot
4133, Avalon
4426, Camelot
4631, Avalon
4417, Avalon
4532, Avalon
4129, Avalon
4719, Camelot
4525, Avalon
4724, Avalon
4518, Camelot
4824, Avalon
4733, Avalon
4222, Avalon
4831, Avalon
4822, Avalon
4224, Avalon
4332, Avalon
4927, Camelot
4325, Avalon
4928, Camelot
4330, Avalon
4921, Avalon
4323, Avalon
4914, Avalon
4832, Avalon
4618, Avalon
4428, Avalon
4031, Avalon
4621, Avalon
4132, Avalon
4427, Cockaigne
4628, Cockaigne
4418, Hawaiki
4127, Camelot
4721, Avalon
4531, Camelot
4128, Camelot
4718, Cockaigne
4524, Heaven
4727, Avalon
4517, Camelot
4825, Hawaiki
4732, Cockaigne
4223, Cockaigne
4816, Camelot
4230, Avalon
4823, Cockaigne
4225, Avalon
4335, Avalon
4926, Avalon
4324, Cockaigne
4919, Camelot
4920, Avalon
4322, Avalon
4833, Camelot
4619, Camelot
4429, Avalon
4626, Camelot
4420, Cockaigne
4629, Avalon
4419, Avalon
4715, Hawaiki
4934, Avalon
4126, Avalon
4720, Heaven
4530, Cockaigne
4729, Camelot
4234, Camelot
4523, Camelot
4726, Cockaigne
4516, Avalon
4826, Avalon
4735, Avalon
4220, Cockaigne
4817, Avalon
4231, Camelot
4815, Avalon
4334, Avalon
4925, Avalon
4327, Camelot
4918, Avalon
4834, Camelot
4616, Avalon
4430, Avalon
4627, Camelot
4421, Avalon
4634, Heaven
4933, Avalon
4723, Avalon
4529, Heaven
4728, Avalon
4235, Camelot
4522, Cockaigne
4515, Avalon
4827, Heaven
4734, Avalon
4221, Avalon
4818, Cockaigne
4228, Avalon
4924, Camelot
4326, Avalon
4917, Camelot
4319, Cockaigne
4432, Avalon
4835, Avalon
4617, Hawaiki
4431, Avalon
4624, Avalon
4422, Avalon
4535, Avalon
4932, Hawaiki
4722, Hawaiki
4528, Heaven
4731, Avalon
4232, Avalon
4521, Hawaiki
4828, Cockaigne
4819, Hawaiki
4229, Avalon
4336, Avalon
4931, Camelot
4329, Avalon
4916, Avalon
4318, Avalon
4615, Avalon
4433, Camelot
4622, Hawaiki
4424, Avalon
4625, Avalon
4423, Heaven
4632, Avalon
4534, Avalon
4131, Cockaigne
4717, Avalon
4527, Camelot
4730, Avalon
4233, Camelot
4520, Cockaigne
4829, Camelot
4219, Cockaigne
4820, Hawaiki
4226, Avalon
4930, Avalon
4328, Camelot
4923, Avalon
4321, Heaven
1647, Camelot
2137, Camelot
1638, Camelot
1241, Cockaigne
1232, Camelot
1438, Cockaigne
1441, Camelot
937, Cockaigne
1737, Heaven
1349, Camelot
1448, Hell
946, Camelot
1342, Camelot
1335, Camelot
1533, Camelot
1934, Camelot
1841, Camelot
1546, Camelot
1832, Cockaigne
1149, Camelot
1147, Hawaiki
1136, Camelot
1641, Cockaigne
1632, Cockaigne
2136, Camelot
1639, Camelot
949, Cockaigne
1242, Camelot
1233, Camelot
1742, Heaven
1439, Hell
935, Camelot
1735, Hawaiki
1446, Camelot
936, Camelot
1736, Cockaigne
1348, Camelot
1449, Hawaiki
1341, Cockaigne
1334, Camelot
1532, Camelot
1937, Camelot
1038, Hell
1838, Hawaiki
1541, Cockaigne
1033, Hawaiki
1833, Heaven
1148, Camelot
1431, Camelot
1146, Camelot
1139, Camelot
1642, Camelot
1633, Camelot
1244, Cockaigne
1631, Cockaigne
948, Camelot
1243, Cockaigne
1234, Hawaiki
1741, Camelot
1436, Camelot
934, Camelot
1734, Camelot
1447, Heaven
1347, Cockaigne
1340, Hawaiki
1333, Hawaiki
1535, Cockaigne
1936, Camelot
1039, Heaven
1839, Camelot
1540, Cockaigne
1046, Hawaiki
1549, Camelot
1140, Camelot
1133, Camelot
1331, Cockaigne
1138, Cockaigne
1643, Camelot
834, Camelot
1634, Camelot
1245, Camelot
1236, Cockaigne
1434, Camelot
1235, Cockaigne
1740, Camelot
1437, Heaven
1733, Cockaigne
1444, Camelot
1346, Camelot
1339, Camelot
1537, Cockaigne
1332, Camelot
1534, Hawaiki
1939, Cockaigne
1036, Camelot
1836, Camelot
1543, Cockaigne
1047, Camelot
1831, Cockaigne
1548, Hawaiki
1143, Hawaiki
1132, Camelot
1644, Heaven
835, Camelot
1635, Camelot
1246, Cockaigne
1237, Hawaiki
1435, Heaven
1442, Camelot
1732, Hawaiki
1445, Camelot
1345, Cockaigne
1338, Camelot
1536, Camelot
1933, Camelot
1545, Camelot
1938, Camelot
1037, Hawaiki
1837, Camelot
1542, Hawaiki
1044, Cockaigne
2036, Camelot
1135, Heaven
1645, Hawaiki
1636, Camelot
1248, Hawaiki
1247, Hell
1238, Hawaiki
1432, Camelot
1443, Camelot
1739, Cockaigne
1344, Camelot
1048, Hell
1337, Cockaigne
1539, Cockaigne
1544, Camelot
1034, Camelot
1834, Camelot
1045, Hell
1231, Heaven
2037, Camelot
1145, Camelot
1648, Camelot
1134, Hawaiki
1646, Hell
1531, Cockaigne
1637, Camelot
1249, Hawaiki
1240, Camelot
1239, Hell
1433, Camelot
1440, Camelot
1738, Hawaiki
947, Camelot
1731, Hawaiki
1343, Camelot
1049, Camelot
1336, Camelot
1538, Camelot
1935, Hell
1840, Cockaigne
1547, Cockaigne
1940, Cockaigne
1035, Cockaigne
1835, Cockaigne
2038, Camelot
849, Cockaigne
1144, Camelot
1649, Cockaigne
1137, Camelot
1640, Camelot
2944, Hawaiki
3341, Hawaiki
2549, Jotunheim
2937, Heaven
2146, Heaven
2634, Heaven
1743, Hawaiki
2148, Cockaigne
2645, Heaven
2948, Cockaigne
3049, Cockaigne
1744, Hawaiki
2240, Cockaigne
3439, Cockaigne
3035, Hawaiki
2745, Hawaiki
3042, Cockaigne
1846, Cockaigne
2734, Cockaigne
3045, Heaven
1943, Cockaigne
2347, Hawaiki
1948, Heaven
2437, Heaven
2748, Cockaigne
2336, Hell
3136, Hawaiki
2444, Cockaigne
2840, Hawaiki
3243, Cockaigne
3145, Cockaigne
2039, Cockaigne
2839, Cockaigne
3142, Cockaigne
2046, Hawaiki
2538, Hawaiki
3248, Cockaigne
2547, Heaven
2943, Cockaigne
3340, Cockaigne
2548, Hell
2936, Cockaigne
2145, Cockaigne
1749, Heaven
2635, Cockaigne
2642, Jotunheim
2241, Hawaiki
2744, Hawaiki
3043, Cockaigne
1847, Cockaigne
2737, Jotunheim
3149, Cockaigne
1942, Cockaigne
2346, Hawaiki
2438, Cockaigne
2339, Cockaigne
3139, Cockaigne
2445, Cockaigne
2841, Jotunheim
3244, Hawaiki
3144, Hawaiki
3235, Cockaigne
2047, Heaven
2537, Hawaiki
3249, Heaven
2546, Cockaigne
2942, Jotunheim
2935, Heaven
2144, Cockaigne
1748, Hell
2643, Cockaigne
2246, Cockaigne
3437, Hell
3033, Cockaigne
2747, Hell
3040, Cockaigne
1844, Cockaigne
2736, Hawaiki
3148, Hawaiki
1945, Cockaigne
2341, Cockaigne
2439, Heaven
2338, Cockaigne
3138, Cockaigne
2446, Cockaigne
2842, Hell
3245, Hawaiki
3147, Cockaigne
2833, Cockaigne
3236, Cockaigne
2040, Jotunheim
2535, Heaven
2536, Cockaigne
2545, Hawaiki
2941, Cockaigne
3346, Cockaigne
2934, Heaven
3339, Hawaiki
2143, Hawaiki
2638, Cockaigne
2633, Cockaigne
3349, Hawaiki
2640, Cockaigne
2247, Cockaigne
2238, Heaven
2741, Heaven
3038, Heaven
2746, Cockaigne
3041, Cockaigne
1845, Jotunheim
2248, Cockaigne
2739, Hawaiki
1944, Hawaiki
2340, Cockaigne
2440, Cockaigne
2844, Hawaiki
2447, Hawaiki
2843, Heaven
3246, Cockaigne
3146, Cockaigne
2834, Cockaigne
3237, Hawaiki
2041, Hawaiki
2048, Hawaiki
2543, Cockaigne
2848, Cockaigne
2947, Cockaigne
2544, Cockaigne
2940, Cockaigne
2933, Hawaiki
3338, Cockaigne
2142, Cockaigne
2639, Cockaigne
2646, Jotunheim
1747, Hawaiki
2641, Hawaiki
3440, Cockaigne
2648, Jotunheim
2244, Hawaiki
2239, Heaven
2740, Cockaigne
3039, Hawaiki
2733, Cockaigne
3046, Cockaigne
1842, Cockaigne
2249, Cockaigne
2738, Jotunheim
1947, Heaven
2343, Hawaiki
2441, Hawaiki
2845, Cockaigne
3240, Jotunheim
2448, Cockaigne
2836, Cockaigne
3247, Cockaigne
3141, Hawaiki
2835, Heaven
3238, Hawaiki
2042, Cockaigne
2049, Cockaigne
2542, Cockaigne
2849, Cockaigne
2946, Hawaiki
3343, Jotunheim
2139, Jotunheim
2939, Cockaigne
3344, Heaven
2932, Cockaigne
3337, Cockaigne
2141, Cockaigne
2636, Hell
2647, Hawaiki
1746, Cockaigne
2242, Cockaigne
2649, Cockaigne
2245, Cockaigne
2743, Hawaiki
3036, Cockaigne
1848, Heaven
3047, Cockaigne
1843, Hawaiki
1941, Cockaigne
2345, Hawaiki
1946, Cockaigne
2342, Cockaigne
2442, Hawaiki
2846, Cockaigne
3241, Hawaiki
3135, Cockaigne
2449, Cockaigne
2837, Hawaiki
3140, Jotunheim
2044, Hell
2349, Cockaigne
3239, Heaven
2043, Cockaigne
2541, Cockaigne
2945, Hawaiki
3342, Hawaiki
2138, Cockaigne
2938, Hawaiki
2147, Cockaigne
3336, Jotunheim
2140, Hawaiki
2637, Cockaigne
2149, Hawaiki
2644, Cockaigne
2949, Heaven
3048, Heaven
1745, Hawaiki
2243, Heaven
3438, Hawaiki
3034, Cockaigne
2237, Cockaigne
2742, Heaven
3037, Cockaigne
1849, Heaven
2735, Cockaigne
3044, Jotunheim
2344, Cockaigne
1949, Cockaigne
2436, Cockaigne
2749, Cockaigne
2337, Cockaigne
3137, Hawaiki
2443, Cockaigne
2847, Heaven
3242, Cockaigne
2838, Heaven
3143, Hawaiki
2045, Hawaiki
2348, Hell
2539, Cockaigne
2540, Cockaigne
1530, Hawaiki
1320, Hawaiki
1629, Hawaiki
1620, Jotunheim
1730, Hawaiki
1929, Hell
1723, Jotunheim
1827, Hawaiki
1423, Jotunheim
1225, Hawaiki
2024, Hawaiki
1430, Hawaiki
1326, Hawaiki
2127, Heaven
1525, Jotunheim
1630, Hawaiki
1621, Hawaiki
1923, Heaven
1729, Hell
1928, Heaven
1722, Hell
1824, Hawaiki
2025, Heaven
1325, Hawaiki
2126, Hell
1524, Hell
1624, Hell
1622, Hawaiki
1727, Hawaiki
1922, Hawaiki
1728, Heaven
1931, Heaven
1721, Hell
1123, Hawaiki
1830, Heaven
1825, Hawaiki
1421, Hawaiki
2026, Hawaiki
1428, Heaven
2123, Heaven
1521, Heaven
1324, Hawaiki
2125, Heaven
1527, Hawaiki
1625, Lemuria
1023, Heaven
1623, Hell
1726, Hawaiki
1124, Hawaiki
1925, Heaven
1930, Hawaiki
1720, Hawaiki
1122, Hawaiki
2028, Heaven
1822, Hell
1426, Hawaiki
2027, Lemuria
1429, Hell
1520, Hawaiki
1330, Hawaiki
1529, Lemuria
1323, Hawaiki
2124, Heaven
1526, Hawaiki
1626, Lemuria
1725, Hawaiki
1924, Hawaiki
2022, Hawaiki
1828, Lemuria
2029, Hawaiki
1823, Heaven
1427, Heaven
1221, Hawaiki
1523, Hawaiki
1329, Hawaiki
1528, Jotunheim
1322, Hawaiki
1627, Heaven
1724, Hawaiki
1927, Hawaiki
2023, Hawaiki
1829, Hawaiki
1820, Hawaiki
1424, Hawaiki
1222, Hell
1522, Jotunheim
1328, Heaven
1321, Heaven
1628, Hawaiki
1921, Hawaiki
1926, Hawaiki
1826, Hawaiki
1422, Hawaiki
1224, Hawaiki
1821, Hawaiki
1425, Jotunheim
1223, Hawaiki
1327, Heaven
2414, Hell
2810, Heaven
2212, Heaven
2217, Heaven
2513, Heaven
2311, Meropis
1920, Heaven
2606, Heaven
2608, Hell
2619, Hell
2017, Hell
2709, Heaven
2714, Heaven
2707, Heaven
2109, Heaven
2118, Heaven
2408, Heaven
2812, Lemuria
2210, Heaven
2415, Jotunheim
2811, Heaven
2213, Heaven
2511, Heaven
2816, Hell
2915, Hell
2313, Heaven
2512, Heaven
2310, Hell
2607, Lemuria
2614, Heaven
2919, Heaven
2317, Heaven
2609, Heaven
2616, Hell
2018, Lemuria
2708, Hell
3014, Heaven
2115, Hell
2706, Hell
2117, Heaven
2409, Jotunheim
2813, Heaven
2211, Heaven
2416, Lemuria
2510, Jotunheim
2817, Heaven
2914, Heaven
2312, Hell
2519, Heaven
1917, Hell
2520, Meropis
2615, Jotunheim
2316, Heaven
2020, Hell
2617, Jotunheim
2019, Hell
2711, Heaven
3015, Hell
2114, Jotunheim
2116, Heaven
2410, Jotunheim
2814, Heaven
2208, Jotunheim
2417, Heaven
2509, Heaven
2818, Heaven
2913, Heaven
2220, Hell
2315, Jotunheim
2518, Heaven
2605, Heaven
2612, Heaven
2917, Hell
2319, Meropis
2021, Hell
2710, Heaven
2113, Heaven
2122, Meropis
2717, Hell
2411, Heaven
2815, Heaven
2209, Heaven
2418, Jotunheim
2806, Heaven
2507, Hell
2218, Heaven
2508, Heaven
2819, Heaven
2912, Heaven
2221, Hell
2314, Hell
2517, Jotunheim
1919, Heaven
2321, Heaven
2613, Hell
2916, Jotunheim
2015, Heaven
2318, Heaven
2620, Heaven
2713, Jotunheim
2112, Heaven
2121, Lemuria
2716, Hell
2412, Hell
2808, Heaven
2214, Heaven
2419, Hell
2807, Heaven
2506, Heaven
2219, Heaven
2515, Heaven
2911, Heaven
2309, Heaven
2516, Heaven
1918, Jotunheim
2320, Heaven
2610, Heaven
2712, Hell
2705, Heaven
2111, Jotunheim
2120, Hell
2719, Heaven
2413, Meropis
2809, Heaven
2215, Jotunheim
2420, Hell
2216, Jotunheim
2514, Heaven
2308, Jotunheim
2611, Hell
2618, Heaven
2016, Heaven
2715, Heaven
2704, Heaven
2110, Jotunheim
2119, Heaven
2407, Hell
2718, Hell
1313, Meropis
1611, Jotunheim
1915, Jotunheim
1012, Meropis
2010, Jotunheim
1412, Jotunheim
1818, Jotunheim
1216, Hell
1813, Hell
1215, Hell
1511, Hell
1516, Hell
1319, Hell
1312, Hell
1612, Jotunheim
1909, Hell
1914, Hell
1013, Jotunheim
1715, Hell
2012, Meropis
1113, Hell
1410, Jotunheim
2011, Lemuria
1413, Jotunheim
1420, Mu
1819, Jotunheim
1217, Lemuria
1810, Jotunheim
1513, Jotunheim
1510, Hell
1519, Jotunheim
1318, Mu
1311, Hell
1613, Jotunheim
1714, Jotunheim
2013, Hell
1112, Hell
1411, Meropis
1418, Hell
1816, Jotunheim
1218, Hell
1811, Hell
1512, Hell
1518, Jotunheim
1317, Jotunheim
1310, Jotunheim
1616, Hell
1614, Hell
1911, Meropis
1916, Meropis
1719, Hell
1713, Meropis
2014, Hell
1115, Hell
1419, Hell
1817, Meropis
1210, Jotunheim
1515, Lemuria
1316, Hell
1617, Jotunheim
1615, Mu
1910, Hell
1718, Hell
1116, Meropis
1711, Jotunheim
1712, Jotunheim
1114, Hell
1416, Mu
1814, Hell
1212, Hell
1809, Hell
1211, Lemuria
1514, Mu
1315, Jotunheim
1618, Hell
1913, Jotunheim
1014, Jotunheim
1717, Jotunheim
1710, Lemuria
1414, Lemuria
1417, Meropis
1815, Hell
1213, Lemuria
1314, Jotunheim
1619, Hell
1610, Jotunheim
1912, Hell
1015, Hell
1716, Hell
1709, Hell
1111, Hell
2009, Hell
1415, Hell
1812, Jotunheim
1214, Lemuria
1517, Hell
436, Jotunheim
140, Jotunheim
435, Jotunheim
838, Jotunheim
133, Lemuria
442, Niflheim
845, Lemuria
539, Meropis
245, Jotunheim
236, Lemuria
541, Mu
642, Jotunheim
249, Niflheim
645, Jotunheim
636, Jotunheim
1043, Meropis
332, Jotunheim
44, Jotunheim
341, Jotunheim
745, Lemuria
35, Lemuria
346, Jotunheim
742, Meropis
735, Jotunheim
49, Lemuria
437, Jotunheim
147, Lemuria
444, Lemuria
839, Mu
132, Lemuria
443, Meropis
846, Mu
538, Jotunheim
242, Jotunheim
547, Meropis
237, Niflheim
540, Jotunheim
945, Jotunheim
648, Lemuria
643, Jotunheim
634, Jotunheim
637, Jotunheim
1040, Lemuria
335, Jotunheim
45, Jotunheim
340, Lemuria
744, Lemuria
1141, Niflheim
36, Meropis
448, Mu
737, Lemuria
734, Jotunheim
438, Meropis
146, Niflheim
445, Niflheim
840, Jotunheim
139, Lemuria
847, Mu
149, Lemuria
537, Jotunheim
243, Mu
546, Jotunheim
943, Jotunheim
234, Jotunheim
944, Jotunheim
649, Meropis
640, Jotunheim
635, Lemuria
1041, Lemuria
334, Meropis
46, Niflheim
343, Jotunheim
747, Jotunheim
37, Jotunheim
449, Lemuria
736, Meropis
439, Mu
145, Jotunheim
446, Meropis
841, Jotunheim
138, Jotunheim
148, Meropis
536, Lemuria
240, Jotunheim
545, Lemuria
942, Jotunheim
235, Jotunheim
641, Jotunheim
632, Jotunheim
40, Jotunheim
337, Lemuria
749, Lemuria
47, Jotunheim
342, Jotunheim
746, Lemuria
38, Jotunheim
739, Jotunheim
143, Jotunheim
432, Niflheim
144, Meropis
447, Niflheim
842, Jotunheim
137, Jotunheim
549, Jotunheim
246, Jotunheim
535, Meropis
241, Lemuria
544, Jotunheim
941, Niflheim
232, Lemuria
349, Jotunheim
646, Lemuria
41, Jotunheim
336, Jotunheim
748, Jotunheim
345, Jotunheim
741, Jotunheim
1142, Meropis
39, Lemuria
738, Jotunheim
142, Jotunheim
433, Jotunheim
836, Jotunheim
135, Meropis
440, Lemuria
843, Lemuria
136, Jotunheim
548, Mu
247, Jotunheim
534, Jotunheim
939, Jotunheim
238, Niflheim
543, Jotunheim
940, Jotunheim
233, Jotunheim
348, Jotunheim
647, Mu
638, Jotunheim
42, Jotunheim
339, Jotunheim
33, Meropis
344, Jotunheim
848, Lemuria
740, Jotunheim
733, Lemuria
141, Niflheim
434, Jotunheim
837, Jotunheim
134, Meropis
441, Lemuria
844, Lemuria
244, Mu
533, Jotunheim
938, Jotunheim
239, Lemuria
542, Jotunheim
248, Lemuria
644, Jotunheim
639, Lemuria
1042, Jotunheim
333, Jotunheim
43, Lemuria
338, Lemuria
34, Meropis
347, Lemuria
743, Jotunheim
48, Jotunheim
2207, Lemuria
1306, Niflhel
2503, Lemuria
1901, Lemuria
2504, Lemuria
1906, Lemuria
1602, Lemuria
2300, Lemuria
2004, Lemuria
1402, Lemuria
2601, Niflhel
1708, Lemuria
2003, Lemuria
1110, Meropis
1405, Lemuria
1701, Meropis
1103, Lemuria
2107, Niflheim
1505, Lemuria
2100, Lemuria
1502, Meropis
1804, Lemuria
1206, Lemuria
2401, Meropis
2204, Meropis
1305, Lemuria
2502, Meropis
1900, Mu
1603, Meropis
2303, Meropis
2005, Lemuria
1403, Lemuria
1700, Meropis
1102, Lemuria
2106, Lemuria
1504, Lemuria
1208, Mu
1805, Lemuria
2108, Meropis
1207, Meropis
2402, Mu
2202, Lemuria
2205, Meropis
1304, Lemuria
2501, Lemuria
1903, Lemuria
1908, Niflheim
1604, Niflhel
2305, Lemuria
2302, Niflhel
2604, Meropis
2006, Lemuria
1400, Meropis
1707, Lemuria
1105, Lemuria
2105, Lemuria
1507, Niflheim
1209, Niflheim
1802, Mu
2403, Lemuria
2203, Lemuria
1303, Lemuria
2500, Mu
1902, Meropis
1605, Meropis
2304, Lemuria
2007, Lemuria
1401, Niflheim
1408, Lemuria
1706, Meropis
1104, Lemuria
2104, Niflheim
1506, Mu
1808, Niflhel
1803, Mu
1201, Niflheim
2404, Lemuria
2200, Meropis
1309, Lemuria
1302, Lemuria
1608, Niflheim
1905, Niflhel
1606, Lemuria
2307, Niflheim
2602, Meropis
2000, Niflheim
1109, Mu
1406, Lemuria
1409, Mu
1705, Meropis
1107, Mu
2103, Lemuria
1501, Niflheim
1800, Niflheim
1202, Meropis
2405, Lemuria
2201, Lemuria
1308, Lemuria
1301, Lemuria
1609, Lemuria
1904, Meropis
1600, Lemuria
1607, Mu
2306, Niflhel
2603, Lemuria
2001, Lemuria
1108, Lemuria
1407, Lemuria
1703, Lemuria
2008, Mu
1704, Mu
1106, Mu
2102, Lemuria
1500, Meropis
1806, Lemuria
1204, Meropis
1509, Lemuria
1801, Lemuria
1203, Lemuria
2406, Mu
2206, Lemuria
1307, Meropis
1300, Meropis
2505, Lemuria
1907, Meropis
1004, Mu
1601, Mu
2301, Meropis
2600, Lemuria
2002, Niflheim
1404, Mu
1702, Niflheim
2101, Lemuria
1503, Niflheim
1807, Lemuria
1205, Mu
1508, Meropis
2400, Lemuria